(Не изменять) Опасность;(Не изменять) Контрольная сумма строки;(Не изменять) Дата изменения;name
792c090a-0626-e911-a97e-000d3a22ca8c;PhOkgU8nTJIO04WgloYK83v+JWffN504JyyjmohgchelHkd2fswQ40QG5dsTrt0gOk0e6M7L9gRJpAfP5gingg==;01.02.2019 09:45;Альфа, бета излучение (закрытые источники)
7b2c090a-0626-e911-a97e-000d3a22ca8c;2ilSpKoxB3fHCknuOO3Irdp58gn5OrUlcjVrCKfhhGJeF1Gb7zWj17HNhUPfQxJRYfxxSGfztDJBT7DelXkUWQ==;01.02.2019 09:45;Альфа, бета излучение (открытые источники)
7d2c090a-0626-e911-a97e-000d3a22ca8c;XBJUtOTUhuUfPE2Sia5zB0CvDWpqDL5nI1sLB8ll54I42I9Tkl1D5reR3GutyNmIv5kEAIsbtrrYXYJdYUEQ+A==;01.02.2019 09:45;Аммиак 
7f2c090a-0626-e911-a97e-000d3a22ca8c;GjxNvqneD6LlqEoOXvLcZFOOnCi65iLD/DFXWfQuccsVeRLhJsK+kSAti55mKTC4g45pQD5sDuGfd7RN0yYqyg==;14.05.2019 08:22;Асбест
812c090a-0626-e911-a97e-000d3a22ca8c;BYH9KwIhEnt9GI0RD9F1NnMV3SXAIxrvc0GlFzAAKYt+//ZbaoIdF6EcOw3PZft29CL4szeRL3CcxM3F7M7Sxw==;01.02.2019 09:45;Атмосферные влияния
832c090a-0626-e911-a97e-000d3a22ca8c;pZ6+Ad9LYTwIT1f0QcpAGSuI31tfrc35xW4RxbReM1QQI1G4Ss/wI58lSLwJlAHu9EGj9mP5CwJ2HOok7QGUGw==;01.02.2019 09:45;Баллонный газ под давлением
852c090a-0626-e911-a97e-000d3a22ca8c;ib/+J3mksRLiWWa8ShgK7OxsfTqH9s/CeBlwCLZlDfyc/USCam/dx33EHVS65RFlO6UiJB/AtFNdF0ANhLrZ4g==;01.02.2019 09:45;Бензин
872c090a-0626-e911-a97e-000d3a22ca8c;0fTvUfTpJS9KP0S14Y2crsooPEFKijUUZSwplRN080FWWl4iEqPLT70CilQrYoZhndQCdqnfDfAp/5yQ7+vJoQ==;01.02.2019 09:45;Бензол 
892c090a-0626-e911-a97e-000d3a22ca8c;0rGfBE0K1jo5QQ4Olo2JVJyXj66ox7FK89TqardxE6f8tICsfhgOiJleCFgW14dY4ACwkFaWj7UqFwQZUqynFA==;01.02.2019 09:45;Биоциды (глутеральдегид)
8b2c090a-0626-e911-a97e-000d3a22ca8c;0zcvhli2NsqeV2j342TaomNSt10srg7K4DAp5PevMcb1NQRPRL+yu7XUFLQVuQDH3o4QkTrLK+MtBfHBkdG95A==;01.02.2019 09:45;Буровые растворы
8d2c090a-0626-e911-a97e-000d3a22ca8c;BfNImGv3jtdwWrc19PKLSvcn98pw1fepX0EKPS09aicbepwTDMypCIGlyi/sczFhYkbcd83AMXqaA1Lg9X7ssg==;01.02.2019 09:45;Бытовые сточные воды и /или фекальные стоки
8f2c090a-0626-e911-a97e-000d3a22ca8c;RpGiD0nNH/wdvm4G9OLvgpDfnL+gdWJCk9EQ4mnN1BsRkkMv/AMDYQDi83KopBmdW7LdPrujGwgy43mHUj44jg==;01.02.2019 09:45;Взрывоопасные газы 
912c090a-0626-e911-a97e-000d3a22ca8c;HpoHKIIp+XMrhs6oIFJofhjL6yumPuhU7XN3dJ8jbc76pOFEMdx8ckXnm7s7XBHdvysuZKXaiGS3luq0Xnx8YQ==;01.02.2019 09:45;Взрывчатые вещества
932c090a-0626-e911-a97e-000d3a22ca8c;U+g+ziGPMVZtn5H5GX/vhNe6o/y5K9RHM+nXMXsnrNtzP29la62oW7w4imKYBR8NCQ4ZOPoGiq/+I8YGQijnKg==;01.02.2019 09:45;Вибрация 
952c090a-0626-e911-a97e-000d3a22ca8c;G0zSqZxBmQG9kkjWmH9q+iocdaLZjL+cixp41C1GJilqjh+rKq0HQJ/NuODclQH+8sFTNKQJ+jrm5EIcBZ6iUg==;01.02.2019 09:45;Вирус иммунодефицита человека (ВИЧ)
972c090a-0626-e911-a97e-000d3a22ca8c;TET0A/xTpOaYGOKdkx9vnPZAaHnjViXJe8BN4F8+SKLp2Re7I83zRrAl3Gkdpm70BteSmBKe2k1yF1yHz7QggQ==;01.02.2019 09:45;Вирусы гриппа и простудных заболеваний
992c090a-0626-e911-a97e-000d3a22ca8c;nOoSAMTmLGwAOy0HHoce8EyUot6C4GntZL9s2qnAKnCaWjq57L50cW1Mh4fWsevRAWraXRX5sOJx098+SUHf+w==;01.02.2019 09:45;Водный транспорт
9b2c090a-0626-e911-a97e-000d3a22ca8c;OKAaO/fRGK+Si8fDriFgg6OGZh+grN3MwBYAa5Zwp99yvmnPyGlYFUFJwUhiFluO7jtEsOV8UUtkj1Nsvi/78g==;01.02.2019 09:45;Воздух под высоким давлением
9d2c090a-0626-e911-a97e-000d3a22ca8c;NlTVt4jIBVdNeG9DjhEHhRmBPNWQTp43mbQ/Mfw9dfrnB4EYzu7jphuZuZjsgkMX+Zj+ldv797MS0G/oNvWAfQ==;01.02.2019 09:45;Вопросы планирования работ 
9f2c090a-0626-e911-a97e-000d3a22ca8c;ENRrSMfYdj/KVkf1H3bUK5vRiUDD0Cd3Nsx0xLOt94WSTAOoEcTegTGbAaD1n7gNEODPqKGJk2lC2PBO5APubw==;01.02.2019 09:45;Выпуск металла и шлака из плавильных агрегатов
a12c090a-0626-e911-a97e-000d3a22ca8c;rSGaW+dkRbO+pi9U0paEzmepvzUI60lI8TchPbToxx3jvYrGwSvy3kx9JJ8kLKpZSKgf+kd8RYM1tZXVdWuh/w==;01.02.2019 09:45;Высокая влажность
a32c090a-0626-e911-a97e-000d3a22ca8c;dDBClFCFxtP08ff5hhNg9QBEbQLLp40uqo5ng+Fpb+vEys8V8C5/VrAa/DfyvUzX4BhqQcSvlhOizxMcVWOclQ==;01.02.2019 09:45;Выхлопные газы
a52c090a-0626-e911-a97e-000d3a22ca8c;upM+eoXnPzT5mUagbRJRGqEXpecJ5Ek4Zb36CBTITIn5eGzysiz5qkcTWQw1NYqn8i5gtua2VE7HTx99NTuatQ==;01.02.2019 09:45;Газообразные углеводороды
a72c090a-0626-e911-a97e-000d3a22ca8c;5H3P8+kcYeYW6JnwQe/w1WdgVbp0SV0XhWnU4fzDPDXukneMwou6Lz2iaub0E4Gi9sE3AvDQTA33TGMdCr7Fhg==;01.02.2019 09:45;Гамма-излучение (закрытые источники)
a92c090a-0626-e911-a97e-000d3a22ca8c;VbFyz5L0dlLAauf16pE7vWqBapQ+ls/k0PzKCwBzOd5jwM2/yoPQdEc/++rmhW0bD1hheSeRzdak4E6MNU4SYQ==;01.02.2019 09:45;Гамма-излучение (открытые источники)
ab2c090a-0626-e911-a97e-000d3a22ca8c;2TCGnVps3LRVfiVCsHG0N92f0w10e00qh3/xiorN/YnPsnUlfUckRVMAmwP2MWQ3s/u8ibGHq0Gejkh2JBzJkg==;01.02.2019 09:45;Гидравлическое масло
ad2c090a-0626-e911-a97e-000d3a22ca8c;P8Yu3IyApSnt0+Vj3sZqPc+ZbO0NoYFF11fwTdt52h/1k+2ueKVI17jR5EI9JsZ16UwcKU0HLgYa5lHOczvbUQ==;01.02.2019 09:45;Гликоли 
af2c090a-0626-e911-a97e-000d3a22ca8c;J3NrUgPxA2X5MVXE1n40/cd6NMbxpHgZFDlrxR81+VR3I2Qo0EpOtohyYO4hhbi4UcMuD/dPkIbGWuvf/4zJ4w==;01.02.2019 09:45;Горячие жидкости
b12c090a-0626-e911-a97e-000d3a22ca8c;Z9fKutgMP7Im/gFX7YJciOBMrqFPsyFqsEHouKVyclaBgBB8x8xkIkgQFjMOHJYoNlZUa5SXi8xty98aS73AKQ==;01.02.2019 09:45;Горячие жидкости с температурой +100+150°C
b32c090a-0626-e911-a97e-000d3a22ca8c;HN8/VvPxPpp4D7qvpSuZDILeC/zuAG0glcO8uM/pRxyTyTyPDRUTLcrkevIOLbrjBjZ2IKN2L4RKtNJNwU/73w==;01.02.2019 09:45;Горячие жидкости с температурой +150+1000°C
b52c090a-0626-e911-a97e-000d3a22ca8c;hlESkg27GjuYIPdqi+eahNL5PrNQgtOR52HOB2IWVgHa8PSmPO6j3u0zdn9NzK0sc7oDU2UN2xNKxtiecK0RXA==;01.02.2019 09:45;Горячие жидкости с температурой более +1000°C
b72c090a-0626-e911-a97e-000d3a22ca8c;aXdmf1preF84LGKSpXOryFtJXa+gUnwSB1gMOpMQFTL55Sgoij/VIyFhglKjyAU7VBg77OWDu6v7/L6daNEZ9A==;01.02.2019 09:45;Давление со стороны коллег
b92c090a-0626-e911-a97e-000d3a22ca8c;hZlD+b5JDB5bgc7XzwyBzamwhnBuE981sS+ZZxbofVqS4RtNVqAQPGzKhG/ZpaRsoQjYs4VP7E3vFYO4EaWDNQ==;01.02.2019 09:45;Дератизационные препараты
bb2c090a-0626-e911-a97e-000d3a22ca8c;Gqtht3c/JJaLTQaiur56Y4mt/Rkp/WotW13e/1rtqtl0/nI68008h9NGMuZoXKxbc0FIPLaoNvwRPq5Xmk8wRw==;01.02.2019 09:45;Детонаторы 
bd2c090a-0626-e911-a97e-000d3a22ca8c;vpDBEoKu6xUkS50SjHwzSYWqXsiwvgx9v/KIOGfebNWkDXMJGsHBCSCO7XJzYU29tO6KCVPUM/f3fMjNaFBZfg==;01.02.2019 09:45;Дизельное топливо
bf2c090a-0626-e911-a97e-000d3a22ca8c;DEcWU5+5pBNxb7oKUYHzNwr+qkNhD01vVGAqcHOUcDsDeorzsYEaz5UJm7fZKqujRAiSIFwz5U5aCmYlbVDNRw==;14.05.2019 10:29;Диоксид серы (SO2)
c12c090a-0626-e911-a97e-000d3a22ca8c;tQpbQ/+L2uEKNBCh+/aEB191ZAjtZWhxgi+PL3tVTX+YsF8vq5Y9988jGR4k39F9c/OJnbpFgvekwypxuQUvtw==;01.02.2019 09:45;Другие токсичные жидкости
c32c090a-0626-e911-a97e-000d3a22ca8c;LoX0LmyHRNIRvs6VYy6xnAQY12sP4QytzjDGY8AMfeoMRtZCvmbnm9aPv8PwPa5uHMFBDLhQiR1bdWRyg2t9bg==;01.02.2019 09:45;Дым
25378305-2176-e911-a989-000d3a2bccc5;cO86Ntnl9XCWDc1oktzyGLTkusdj71KLaBSyoKxLim3VEjhT4zeEG5JkXZY/jLdzFcjRAzIE7vfbWY8+vp0jag==;14.05.2019 08:19;Железнодорожный транспорт
c52c090a-0626-e911-a97e-000d3a22ca8c;sgSeBhFpw2zpUObrOLee47n6Bj2baBw9nJmGFwvw4AfC1RnFKxb14QaiW6YLVPoVnnJu0xAsyhH7EA9WkZmX4w==;01.02.2019 09:45;Жидкости под давлением
c72c090a-0626-e911-a97e-000d3a22ca8c;dyh5BdE7upb2hRVtGLH3j1SWpm4pDN1uk7DPrx+BtCUciFMEWRUnwy2I/a42MLCrVJbSgUJiGXvDA3TpNpAN0w==;01.02.2019 09:45;Избыток азота (N2)
c92c090a-0626-e911-a97e-000d3a22ca8c;+58hhrEBihwAKAMUtRNAS98vZAflVkYjJmZq4gN8GVeHYt/tmqms2IcnDUbY2FgVL1rbBNNMBGfXpopdyhCCIA==;01.02.2019 09:45;Избыток углекислого газа (CO2)
cb2c090a-0626-e911-a97e-000d3a22ca8c;jip4xc3BJCqjLPTCuxTOlpBw4nYYyEAvN+owm1GzUHZNsKKLckzG4fKmBAB4T4Hv1BuL+/K/1pQzFMeXaaCRPw==;01.02.2019 09:45;Ингибиторы коррозии
cd2c090a-0626-e911-a97e-000d3a22ca8c;2ABxR6Cm6lt4h/foozCa01ph1RlJv+nOLBScPHs5Ptri+dl9ZeQKWMW3uka9i/9x34Yaj9aMQ8YHiZnOkxt1dQ==;01.02.2019 09:45;Ингибиторы накипи
cf2c090a-0626-e911-a97e-000d3a22ca8c;9CSS2NfjOyOhCD71dzb8uFIB/x/lvU9GoUbZJUyxFof6dPELEU/P5cUEztC4J3eQ062INCovxszvuceOAhSZhQ==;01.02.2019 09:45;Инсектициды 
d12c090a-0626-e911-a97e-000d3a22ca8c;vV+8TwE8oZT9eIlVIObjmwzY+N7IHHI9Mp7ryF/p2td6nonbs54UbYaajghRgFTaaixy+WSea4exm/++JJOjpQ==;01.02.2019 09:45;Инфракрасное излучение
d32c090a-0626-e911-a97e-000d3a22ca8c;G64F8EmhTZNELo9trfnsqFtvVKhOVM3RCFD58QpgZDfJvYgMN1S4eB3O5Pl3Ayig6qegxDUiPMkQ1FPWNMJduA==;01.02.2019 09:45;Использование ножей, ножниц и т.п.
d52c090a-0626-e911-a97e-000d3a22ca8c;/QPRJnzm7FsvV1frlUZlMh1WJtaKVWUliJo9AUyCz4hZnDb7TgkH0P/4deeVCNWuUNdJsfmeIDDPJeaRrTXCBg==;01.02.2019 09:45;Использование опасного ручного инструмента
d72c090a-0626-e911-a97e-000d3a22ca8c;Ps5AceUpwTF7FhcP4iO7w602nZa1q+z3EmE8W7mE+NWmTzuWdBeNMIiPeqKwMnpDWjOnhjZ1TEBttIgT16AQUw==;01.02.2019 09:45;Использование природных ресурсов (Вода)
d92c090a-0626-e911-a97e-000d3a22ca8c;vB9JGPInnuFdTETaYD9N1HCNMNV2xEENmnjGMt2PlQejL9BS/FzVPfgbvv21PkfE7OFviSR4eJMfuLF6vtDhBg==;01.02.2019 09:45;Использование природных ресурсов (Воздух)
db2c090a-0626-e911-a97e-000d3a22ca8c;XAQOSVmobtDWdG6apsqEKWg+sg2/fzKWpB+yWyF3BNnThKlGFJbEP45ixpBOFh8FfediPwZj5IUs/XW5/PkSOg==;01.02.2019 09:45;Использование природных ресурсов (Земля)
dd2c090a-0626-e911-a97e-000d3a22ca8c;oHBZZE4TnH6tUTHrJIolcQxZ/06S25M3aXt+WfDLX2s93nu5mKTbMT00QP4NJerR83nL1vLpy9Jx5GiO4qBLpA==;01.02.2019 09:45;Каустическая сода
df2c090a-0626-e911-a97e-000d3a22ca8c;IM3iQDe/qwtu+nnALPaja48TepFVaUs6+/Wsz/PfO0kSLPV/LFuqt94G/AUEF1dJhdk0YDVzQpsnGymmkrdqAQ==;01.02.2019 09:45;Конденсат, газоконденсатные жидкости
e12c090a-0626-e911-a97e-000d3a22ca8c;En3Csd7CMCT1DGw9fafojgw8fBdTBdlOh3Azo0Psy7QP/xswGPmud+U119EH5rN+TV1R2OM783/ETt4/91HVAA==;01.02.2019 09:45;Кражи или хищения имущества
e32c090a-0626-e911-a97e-000d3a22ca8c;fGoKrbli4JfGHxXEjBq6Z8m/LWyERdc4hfQ2EfJk0zRodj554Nn6KntJfYnWjpzlUj5UvYJli1d9dXg+xXShYA==;14.05.2019 10:35;Кризис (военный, гражданский, терроризм)
e52c090a-0626-e911-a97e-000d3a22ca8c;KPFE/wc74T2n8LlE9vjvGWMvw+piXTNrohegrgF2PtZ9aRQOyuSDBogzvkI8kVXBhNvwR/xYoG0gt5Przh6f7Q==;01.02.2019 09:45;Крупные животные
e72c090a-0626-e911-a97e-000d3a22ca8c;wIJhh+HFNtaVVBBpFZlvadU77OQaya7spAktbTpPfPis8JNfNPWZ8n+z+U98RkECVy4bdEQlIuYSTP7DNe2pXA==;01.02.2019 09:45;Ксилол 
e92c090a-0626-e911-a97e-000d3a22ca8c;ZqvgukJIVLUF9LsaVL2V5njTUtCcHeD2m/99zCRYrajr0waP0Dijvo7sMCPb/WMbH5OI8/ZSnVWkrO4oXap07A==;01.02.2019 09:45;Лазеры 
eb2c090a-0626-e911-a97e-000d3a22ca8c;2a6EwR0STxp+k0HJrU/1W8ruift+/glbp/ITkrtvMa36L/zRUPVuylvH12MAXF4qk84a63uuKP9Cem2PsT/81Q==;01.02.2019 09:45;Легковоспламеняющая сухая растительность
ed2c090a-0626-e911-a97e-000d3a22ca8c;UXELwtMlWZEL0Ce/msWI+iuAhSKq50oLBxwnKV/wiwzjX1Y6Uvjod/P6wqV0hIeWfgqP4dEpEZ7Mef1S1efmTQ==;01.02.2019 09:45;Легковоспламеняющиеся пирофорные материалы
ef2c090a-0626-e911-a97e-000d3a22ca8c;QHhCgm7ihHlJWEG5XT/mpibuZ61xXrOSrcT3DFDIgJgg4r+2Gr5odF7dKWe0/jYDAItHr3Tt1PS0pa7yISMMtw==;01.02.2019 09:45;Легковоспламеняющиеся продукты целлюлозы
f12c090a-0626-e911-a97e-000d3a22ca8c;zCXgWjA8RuNfTjBwz5QlWNLG4j/9A3eC8WFJuXFQyfzUkIJI62VnPKmBw/Rx4BgyfN0+Ys/RZVatJokWNT1ldw==;01.02.2019 09:45;Лекарства, отпускаемые без рецепта
f32c090a-0626-e911-a97e-000d3a22ca8c;OposBEhoMO2vs3YtqiWjZvSH01r53OGKuTzz11N3Lhx0YAdX/MBcKdly1MWXnVwVU9m8Q8bJXbqqaYWiKF8D4g==;01.02.2019 09:45;Машинное и уплотнительное масло
f52c090a-0626-e911-a97e-000d3a22ca8c;JK37Wp1dkLZkMud1Us5HKDMcDq6ufgbBMZ8aMDBjpse1/ycOqJdcbj2db4sMn9xcrBHkx1F1BPZCCg7dTH1/Aw==;01.02.2019 09:45;Мелкие животные
f72c090a-0626-e911-a97e-000d3a22ca8c;eP/elEQTwFfHYSWkkMxqPBEhZ7+kgzX8XVTRmPFD7VxEzknlo2l1ro6cAIsRrCJNkFGYSgstrePdLkq6CAO2Sw==;01.02.2019 09:45;Метанол 
f92c090a-0626-e911-a97e-000d3a22ca8c;ljNaQwk9m2f8UcJkQ10y29Er+OuvL3bkxysgKZUAmKR7srYPdMwfLACxiLjtH/MsF6GqSLlzsy9JKtnSgPd8Dw==;01.02.2019 09:45;Микроклимат помещений
fb2c090a-0626-e911-a97e-000d3a22ca8c;krlzsAXN+FR5qUuGWDIHsRpFYdW6w9oBaTazWeYaPiC2D2Rc/qIIoXTjq12h0y5JSfjwZltkU2N5O5mlyW7Agw==;01.02.2019 09:45;Наземный транспорт (вождение)
fd2c090a-0626-e911-a97e-000d3a22ca8c;3ZQESF0HHkjCZ11m8APFF0F5pleczWGeRCqsSkqLO8MUfxco+rd/X423THkOg3Puv9zl1XUYyE6ON1gOEkGz6Q==;01.02.2019 09:45;Наземный транспорт (перевозки грузов)
ff2c090a-0626-e911-a97e-000d3a22ca8c;5XzkNZPKBENme2Ue2YCAFe81jeliskfwFrUBSFSfl1PCJhvx8v4i+62eTbkoUT1ArEEaHk5hPCdpzrNALuZbcQ==;01.02.2019 09:45;Наземный транспорт (перевозки людей)
012d090a-0626-e911-a97e-000d3a22ca8c;f9qFCYUFz06s+Hna9m5wAx6Mx7uGrM9pdleH/ccEPgRk+nymzdU92bGOdIMrQLFSEufN8pIEvLe3x49gCg0tAQ==;01.02.2019 09:45;Нападение на работника другими лицами
032d090a-0626-e911-a97e-000d3a22ca8c;PhzqfsQ/HRrzcYGgcBdjNbYtYCR0f/ds2TZCGwAzJWqsTQObzMG5JW/WUiGCoiBx3W4G5klCm5r5FvhzzP6h+A==;01.02.2019 09:45;Недостаток кислорода в атмосфере
6faceb1a-3376-e911-a989-000d3a2bccc5;KvnVQb0QAdb6/3cB6NVfqPqNhSaCSiqFwlWmy9veTcaGG/DntpuUI0Dj61VY+PccIoCd5z0SMBYgJ7kpjdlMnw==;14.05.2019 10:29;Недостаточная квалификация работника(ов)
052d090a-0626-e911-a97e-000d3a22ca8c;7x9rFLKpHB8tTc9mLuHsWYbYUyXRiCJ734b49qr9OcD2Qk+hnb+d7ZNL3YAa7ID7frLmM4aMkR04kbtGhxHwOQ==;01.02.2019 09:45;Недостаточное освещение
7195a465-2176-e911-a989-000d3a2bccc5;uRdUlNv49aWBAJDWctXoOX/VtC1YtJcdu8UAgtT2m1lby/Xg4W1RJP7Fzq6n63fOnNG8BN4yi8+SBZssin8opg==;14.05.2019 08:22;Неисправность приборов и устройств безопасности
072d090a-0626-e911-a97e-000d3a22ca8c;J4FXIYxJXoJ4xMYqaUT8uCp8+EkDUR6I50JjazXjVrsqSMM6RHkxvs/ZP2ThGQ5AzJJ3/6JxFYnOFrJts1H0sQ==;01.02.2019 09:45;Нейтронное излучение (закрытые источники)
092d090a-0626-e911-a97e-000d3a22ca8c;7J7BWFzUnLOJG3O1MUTnEV9mb84Y/Bq+tSG6jYIyqOwYFV1n8SQoXyMjye2/yYH1W9WMhZhCFb7em3lp1IUchw==;01.02.2019 09:45;Нейтронное излучение (открытые источники)
0b2d090a-0626-e911-a97e-000d3a22ca8c;RIc8h1L+8qLjXrrHyH/UpzNzpxI2nO9ZgCIBjS2MOsBihajuezLdhXivDLAG9gKQRg6dG9HJfpIKZwN+Bp14Ww==;01.02.2019 09:45;Неправильные действия при возникновении аварийной ситуации
0d2d090a-0626-e911-a97e-000d3a22ca8c;GoY32L1t902OtYfVGL8o93vLLEMAUUSw76kPHWrtwJfuSkatiNqTZ4Qi5XTAGzXNVDzieHd4sJxBH3cnMOwY9Q==;01.02.2019 09:45;Непригодность по состоянию здоровья
144f792f-2176-e911-a989-000d3a2bccc5;+3ZJGM0JNnMNe95hSuJ2yDnnIVKGf4nXWnmCqayI3SEHz0895y2HeEgh70e61vUiK7IrGt2Ny8eo0meejAawfQ==;14.05.2019 08:20;Неровности полов, площадок, путей следования и пр.
0f2d090a-0626-e911-a97e-000d3a22ca8c;+TE7fBGG+M8EluWGKPLqupL/NPcfHAlVCP7eJzIv/+FIf3D293tDoFb6dk3bblcVUYO0qvZVFMjAIGe7ewnXsg==;01.02.2019 09:45;Несоответствие работы способности восприятия ситуации
112d090a-0626-e911-a97e-000d3a22ca8c;buOH35yqtir85JZR+FniplkrxhwwLSTJIc+orpjrDJtdwRrCvQNpb0bO/kFIm+KuGDItu+4DZkzshmUES1fnjA==;01.02.2019 09:45;Несоответствие работы физическим данным
132d090a-0626-e911-a97e-000d3a22ca8c;8q9uzgWjncK2XfI17lFbYwKEnf54+EfmoZazsGvQ+NWzU9NaWFsKj7AB5oU8TuAuMyORtQDrx0ixHeYTl4XmWw==;01.02.2019 09:45;Неудобное расположение рабочих мест и машинного оборудования
1cf4b5e2-3376-e911-a989-000d3a2bccc5;tIKTcLXM5za58SQKEh1jval/QoJiV1Voww3lLGHSeDI8z3Ep6dDnS/npwoRINkDPNS4EUgJlrBSoCqFeRTtkZA==;14.05.2019 10:34;Неустойчивое положение оборудования, материалов и пр.
152d090a-0626-e911-a97e-000d3a22ca8c;kZGtFKv7CoOari74cp0MOIbacW+Twl8XlGQqVa77uNE9lxPvYfyMhyEXJCz2TlPOgBF5jNZAwUaIdGQtUBB5Hw==;01.02.2019 09:45;Обезжириватели (терпены)
172d090a-0626-e911-a97e-000d3a22ca8c;95I3awIy4DnIP57DNbuAeW0d89ZtpOozI/CtXV5iAeVPSTWf2TYQsx9pASBnH+wLT8qjQBmDQyAz+OebvUszBQ==;01.02.2019 09:45;Оборудование с движущимися/вращающимися частями 
192d090a-0626-e911-a97e-000d3a22ca8c;8Sh/n3Z+gIPIWb7EyEiNhIQtjfrgsobN/aT9lnpHhhHK4VVAVZZr0+f9R+H7+iqvHFPpAAvKadUo4J39Zsw6LA==;01.02.2019 09:45;Обращение с материалами вручную
1b2d090a-0626-e911-a97e-000d3a22ca8c;VeX2GfrapcCP7+IPOWNROa+HdY3B5Ul6h3yR37agIaMELc3GiYYw+/QyD7AJOkJk0RyJoMirJZ4YrdKMwND2YA==;01.02.2019 09:45;Обрыв стропов/канатов
1d2d090a-0626-e911-a97e-000d3a22ca8c;t8wDlZGhcNpfgo6zwN9Sg5pZO+JNlf3I/HfFn5t1Mgip8HTW7mzsvKDd9QievAzAnpxikM30hZFa5hlQEYa1AA==;01.02.2019 09:45;Объекты под индуцированным напряжением
1f2d090a-0626-e911-a97e-000d3a22ca8c;4o2Bdn3G8XOl8x+VWVa96T3jMcJopQn8e5VyF+aA7dFKwUcZKKEjhbbMCkle7DpeK9slunDUhVHWYWjbgnlJmw==;01.02.2019 09:45;Обычные взрывчатые вещества
212d090a-0626-e911-a97e-000d3a22ca8c;T8cehKGh45JTNjf8Og/7ftxzBsRX9Wnw8nLWo/94+Wa+OVYhTo9LXeCo+R1mPxObNHew89FKj67mamLFcbqWSQ==;01.02.2019 09:45;Огневые работы
232d090a-0626-e911-a97e-000d3a22ca8c;77SAwdVB2FFiy35bz4lJDnhnNl9+doZbquaguJ9FF1o1sYrE5PXZ/HLCz9QpfUqoY1HkIw+h9p/ARw288dqm4A==;01.02.2019 09:45;Одоранты (меркаптаны)
252d090a-0626-e911-a97e-000d3a22ca8c;adCqKKAOsU94El5h7wOVr9Ojip9X2DpSZG5scKC994+g+8shkUvwq8B770nH0FAntILHi1e2i8TseqoADaXQ+Q==;01.02.2019 09:45;Опасные грузы на транспорте
272d090a-0626-e911-a97e-000d3a22ca8c;Ie8YuZPhkHxfKWzcnBd8TgD1RsD2H2RC0/jiKNF3peDaK6KFNw8yMlcfadcmyEuvsqUEKSgBKCmeMNilxBBExA==;01.02.2019 09:45;Открытый огонь при прямом нагреве
292d090a-0626-e911-a97e-000d3a22ca8c;QovkK6YbStI+GMwdrZ30SgExpJryX4v90y6mx+GNViSY9HpD3wzk445BMG4oUtuqNqseGqN8rKAYUDPgaggGng==;01.02.2019 09:45;Отработанные машинные масла
2b2d090a-0626-e911-a97e-000d3a22ca8c;VRPhvkm2JsP3wsWm6+cr4foFpO/fgl2jVK0Fc2oMuxpEPeRDvfqK1n7IJlLECmuYdpurKYNnHD0BOEgQOGqa/w==;01.02.2019 09:45;Падение предметов с высоты
2d2d090a-0626-e911-a97e-000d3a22ca8c;9kBmgNZYCKXfxMGOMuCGZatF07tpokfRQX270Te65/YfHBC+N068l51UxFXxM7LfQz4gfo3MAiBSCEb6aVuRYg==;01.02.2019 09:45;Пар под давлением
2f2d090a-0626-e911-a97e-000d3a22ca8c;YFrLn85JlueJc13sPyfbtpFOn5ZrmNtdsQ+aG9RW/LpgEJ+6tyR2GjX/Vu5fu8j+lq/I2Ic3N8pPY+9BPBkKQA==;01.02.2019 09:45;Паразиты и насекомые-переносчики заболеваний
312d090a-0626-e911-a97e-000d3a22ca8c;GZcwjPVBBOJJZSJ1/HylfQhW+PDk5X4aj6nlNSTZ2/TFsNle+82rABg4JjxsTBtihp0FQThEqY1K3StuRYAWiw==;01.02.2019 09:45;Парафин
332d090a-0626-e911-a97e-000d3a22ca8c;DTF1zGmXAVGWteeIMeKh3Z7YSioXj5xkr0VTQeydGikKLViyPOJLSlJXzrlG5IXm6oKLHMnJ8BifgoC7c7hOJQ==;01.02.2019 09:45;Пищевые бактерии (например, E Coli)
352d090a-0626-e911-a97e-000d3a22ca8c;ESPdaGRX3775Zow9YxFxQ5K5AAh80GlfBHZhmg/x8CkmgW1TjM7mRssBsImEpj/on+LJYTcr8rnwvbf7ILweUg==;01.02.2019 09:45;Плохая организация и проектирование работ
372d090a-0626-e911-a97e-000d3a22ca8c;39GzmyCy1GCU/Si/aUlAYbwhFO1iXHnnxE0jtjyH02IeqhZ5frNIL9DEKLOmXqMtc0O5G75qK62P76iVE9GTnw==;01.02.2019 09:45;Повреждающий шум
392d090a-0626-e911-a97e-000d3a22ca8c;tSzyR3Jl2CbM31TIfl6f97rOF+xwQqMuPW4acU5Y7z2Jzs0loogTDmcqZSLxHWs6k3UjVlle9n37jhiCxZVNkg==;01.02.2019 09:45;Подвесное оборудование
3b2d090a-0626-e911-a97e-000d3a22ca8c;zfaoBOI7j4f2/fpeE8UrjYl7gFNhWjLmPf17mY8g4kly5HMiSn5A1x2lIB+7RVNuW0VskphLrfTwUrslB16aOg==;01.02.2019 09:45;Полихлорированные бифенилы
3d2d090a-0626-e911-a97e-000d3a22ca8c;6lo0izzQzkhZxmFCjSZgJP0gbA+/psvi0XrwYcBmgIzGU7qs6FEa+ACa+4laxL/U0AN3mgINRZQ204gcdQN+vA==;01.02.2019 09:45;Порошкообразные добавки в буровые растворы
3f2d090a-0626-e911-a97e-000d3a22ca8c;xT7WiOAXVOj52ScoNVOl8iVFDe2C2l/8zhA3rydps3wO8KxoozgZQ/lBSuzagRA48Ueegv6PCD111jU2x1DC0Q==;01.02.2019 09:45;Посменная работа
412d090a-0626-e911-a97e-000d3a22ca8c;ChOqxBlb9XDTRtD+RVWcZQAcanFB/2kZdXBEhCe6csOXJH3zJW8kvArLhjrTlrmNwIirqTDIaLrUtTbYZG+Xnw==;01.02.2019 09:45;Постоянный сильный шум >80дБА
432d090a-0626-e911-a97e-000d3a22ca8c;0adn7P9yFG3ZrzvdoH8OoC1EQ7eI9sqPdgSV9o8+4iKJr0hDbmBUIMzRmefQvLCU2Bq5xeC17rwWLcU72VGIHA==;01.02.2019 09:45;Посттравматический стресс
452d090a-0626-e911-a97e-000d3a22ca8c;EWk97zb5FruIy9nGPKr3zQWvGrExrvAbky5pjczx1xeOr6RMXkNh68VcFHaHzqT1dkii2w3EIbegpnzbaVXR6g==;01.02.2019 09:45;Природная ионизирующая радиация
472d090a-0626-e911-a97e-000d3a22ca8c;hLeG5HeU79VDsj8wcs9qrWjHcE11uD33vuBO6hNlTIFxKEFRAxNWOAG1o64ypUYTnOaSnPvzWHIDyhczdrFQmQ==;01.02.2019 09:45;Природный газ
492d090a-0626-e911-a97e-000d3a22ca8c;ZY4kJnR4oxl1QsSPzhNKod8SdxE7tqIcN/++iEtO/Ms+K3wkG2Hx0eOQ65UEXYicc6dXjyrKDwBpqIRYmPzm/A==;01.02.2019 09:45;Продолжительная и нерегулярная/посменная работа
4b2d090a-0626-e911-a97e-000d3a22ca8c;6aVTcGcCz8cYq7xMopQ//8ppW63N6M+88n3r0LBNss599r3rE+8QcbPNJwDDj7678MJLB1qWSaYwZx52EUJ0sw==;01.02.2019 09:45;Проживание на работе/вдали от семьи
4d2d090a-0626-e911-a97e-000d3a22ca8c;zYEBFHoXav6uPHXG/G+xa/FAd/CwSBOEuDSsxLnMbBSouvGCjJGNH4XnSWXAs/YfuCObBE/WwOVWa3o6Jup2mw==;01.02.2019 09:45;Прочее (метанол, ксилол)
4f2d090a-0626-e911-a97e-000d3a22ca8c;WbfvGUhWMNy3S5fYcZ/He4ioKySewXne7ZmoNJ4YILCORgTJk0haQbcFcG3pR1eDSRt3Xx5N5LMkkwRMWCl4/A==;01.02.2019 09:45;Прочие инфекционные заболевания
512d090a-0626-e911-a97e-000d3a22ca8c;V8TdvNLLi0EghOeT6ccXRaC4yXLFrgiZGCXxPMsQuuG2YR0oq/HU6acrcvvXZ8e9eerOIt7r2+ONkQviILC5Gw==;01.02.2019 09:45;Пыль известковая
532d090a-0626-e911-a97e-000d3a22ca8c;eI4QrAXP7byfU0I8nbgGya9sbWyzjl0Rx6DRdG4NsKS7VDcC/kIvasVrHJTYJIEDW1OCrTR7NtIP8jsvaKjJ/g==;01.02.2019 09:45;Пыль рудная
552d090a-0626-e911-a97e-000d3a22ca8c;oNkbUZyLR3UZ77rw8yxvZHcTKY+XFJapkwE2fS0YHllv3qpydB65yxaTXQApryGhUKjrJsPjg/UImkNJOusBDw==;01.02.2019 09:45;Пыль угольная
572d090a-0626-e911-a97e-000d3a22ca8c;JTS2t9yLjQTXo+kcPx6mJ3aVv4b1KYojxagym0mb+nyOaeulosolJmogXbqlqCKiDVL8rCB2tOvgwQhQZWeP7g==;01.02.2019 09:45;Работа на высоте более 1,3м
592d090a-0626-e911-a97e-000d3a22ca8c;edtjI/mItPJvJ+agkPsP8s4g8C22lfYKR4GeZBYxCG1uOWyu3DkAbsAlGwPJtUstkmWxZQBMxwegB8HeyOd4dA==;01.02.2019 09:45;Работа на высоте более 5м
5b2d090a-0626-e911-a97e-000d3a22ca8c;GtH9FDnXOGKdMIEMkcjGOlJTgUV10ejGtZhnWQAa8rxIl+TxKNfOmreUkqFZemHRR3TuYWLznlKFP4vLFzfMEw==;01.02.2019 09:45;Работа на уровне 
5d2d090a-0626-e911-a97e-000d3a22ca8c;2Au72Jj+BPcnzcr+ZPGahrfBaeTT4o152d5EJrqGSPszBWSUaDPOBpDsyBUkUd7+bpHyVkI6L8GqDxOpm5NsoQ==;01.02.2019 09:45;Работа над водой
5f2d090a-0626-e911-a97e-000d3a22ca8c;XBKxX18S+bLUirONekV5Aa45jNh8Vnk6+B/hukXQzH1vGDSYSEF+i7LyhgX0yjJK4DbGCKj73C1yfgBANTNJ9Q==;01.02.2019 09:45;Работа ниже поверхности земли
0986e9f6-3276-e911-a989-000d3a2bccc5;K4fO3xvRq/7+Y+8qoDZu0pzE/XltF6AWSieFn3VtJz63xTR5HUj++J2yXxrCCPH9rkSWyUlJojXIJKW5hftKxg==;14.05.2019 10:28;Работы на высоте от 0,5м до 1,3м
612d090a-0626-e911-a97e-000d3a22ca8c;m7Ncec8K2s5TAjBjjHyOZFG2Z1sQHG6VRSQWZivNDyItvoTzDxC3LdhMO6Q/2o8qOJU4EXyAryqYevBiw97Eag==;01.02.2019 09:45;Растворители/ краски, лаки
489afec2-2076-e911-a989-000d3a2bccc5;LtYehOZDaNxZvvAr2Ol8eJ0DFwbQDexopp89xMYpbzJ/VM9vaoIAKdeBqSMDPsozv5lR/8acSSNv7TVwOUnalQ==;14.05.2019 08:17;Рельсовый медленно движущийся транспорт
632d090a-0626-e911-a97e-000d3a22ca8c;FVk/14VuEKEhKRFizatLFIIqrAQMJo5upzPuPyoJGbU6krSvb56rM+67TzI6lZkMpAMkBYtVsGDp4Frm+ZcUxw==;01.02.2019 09:45;Ртуть 
652d090a-0626-e911-a97e-000d3a22ca8c;4oTBIGZnargdYVZ5agfAiIKBmF4/Zd0It5v8A/7rg3qpyXX4zyQWoPVHLtPAp19Pv8EoXdkSPQwKFcFo+P3npw==;01.02.2019 09:45;Саботаж, вредительство 
672d090a-0626-e911-a97e-000d3a22ca8c;g72dyqQv9ZzsF8Vfr8DkqPcTJ3wBJdhk8CqtDMKNDFZ5gGRfK3PFoB0UvISZtYlHIDEuOQnH+ueVufGshYq0xg==;01.02.2019 09:45;Сварочные/паяльные газы
692d090a-0626-e911-a97e-000d3a22ca8c;PVynU7S8UCiM1VvvbHjn8WRFestx1AsOgNA42bx5LEaHMMz4IWNyuM6m78bu73SI5tG+bQJXZSePwceKW19QQg==;01.02.2019 09:45;СВЧ-излучение
6b2d090a-0626-e911-a97e-000d3a22ca8c;P38GL2K9OWsXbaVh1u23tIGopMxDEXJqj7/HDB8/SwGI2D47UJKiJEYlODjsf82y6Tx+QTEP9HyO6EnaVLcOBw==;01.02.2019 09:45;Сдвиг грунта (обрушение) 
6d2d090a-0626-e911-a97e-000d3a22ca8c;aOsMLFBIxMLl4emcxLe1cN0pxDKzteKugbaXc7uFykcMyXzNJ7oNiuUNdogrc3RJVGIUc+gnBePCALH6Kx1PWw==;01.02.2019 09:45;Сдвиг пластов
6f2d090a-0626-e911-a97e-000d3a22ca8c;T5juktQGgkDo3hlKc0gs3G/aUpqDRg1gVSpKkDLn1zmWUpRf4S33lSsJCv9/2XnDlVVqIdR43/+71gwYL0ucyA==;01.02.2019 09:45;Сера/сернистая пыль
712d090a-0626-e911-a97e-000d3a22ca8c;nEcClc8iX8U/T7VH4KX+Yf9g/vzTuWxENPYKg0pLahn93WF/siOnYSF8moUc+HKDK7R5m2hEkBPAWCtCsCb3iQ==;01.02.2019 09:45;Серная кислота
732d090a-0626-e911-a97e-000d3a22ca8c;1fdR1HsYApuXeUVSgb4xyX2zhYyUj+QbvWPN9Yg79MpZd2re9QseAxsmaqiEBfm2rrbQsb0ui7Hlv9f7xg4OcQ==;01.02.2019 09:45;Сероводород (H2S)
752d090a-0626-e911-a97e-000d3a22ca8c;k62A+CvLYoNQZuKIDXBexth6OgXrEcg/agW5XmpvJ4okN6UWQI2U1nzO+pJvggW+zfMbt/Kk0RLECp0ouD0GUQ==;01.02.2019 09:45;Сжигание в факеле
772d090a-0626-e911-a97e-000d3a22ca8c;JFMxYAOwMjUu/7HvpO3J90sbLcUej2a/ULNi85WnHmT7ScpxmcMD/coHy9Z8JCsiuM7MSKWDolrMZd/seGzdBw==;01.02.2019 09:45;Сжиженные нефтяные газы (например, пропан)
792d090a-0626-e911-a97e-000d3a22ca8c;6JgxjIJchJ5KVsb0lTPqA2mIJ6uTsmBCkQmCrQS/MS2hJKMA41WA94Xd/nDD+qkFqq3Q/zGy80yMqV07o6kgmw==;01.02.2019 09:45;Сжиженные природные газы
7b2d090a-0626-e911-a97e-000d3a22ca8c;6xJytGJmT5OnckXO78g5Kg9wRfGb9VN82FC4opcR4IvUMIVS5HgF7mXYp5och+TuTVy90Amq+M8CAdi3WpL0fA==;01.02.2019 09:45;Синтетическое минеральное волокно
7d2d090a-0626-e911-a97e-000d3a22ca8c;EWXh4Z2nJSEOT2C+6Vj60+gicSQ6I7HT1QV2JSTZuMaZ3j3iA4wSFtIGTjJ6/UrI6qW35oDkoRf773WUwTIoZA==;01.02.2019 09:45;Солевые растворы
7f2d090a-0626-e911-a97e-000d3a22ca8c;YXgIRfde0inTOx+eHdr3qj7P1x7sy4H+/H4QDdqvn0+fuvz0+TjevMPhZqypwEo825sLScYb8ROweD9NEUYJdw==;01.02.2019 09:45;Соли натрия
3424e8e9-1f76-e911-a989-000d3a2bccc5;kfGxoWjZB+1iTjvV9d15spZtdX3g+aa+PZvTguyAVQj1JM9T/lEv+2BP0FHTfWZMbN2BPo5vnr3+grRNBnwa/g==;14.05.2019 08:11;Состояние здания (крыша, стены и/или пр.)
2d470d44-2076-e911-a989-000d3a2bccc5;/i0xNc1UjcXeoO4F50oxpP2bT4DGqoI2rrMlTXz4NAEXrHm22lZDRdOGOwY9NnqCWo94cY/HdoDF07EkQJMZBg==;14.05.2019 08:14;Состояние сооружений (коррозия, трещины и/или пр.)
812d090a-0626-e911-a97e-000d3a22ca8c;OsEb+7VTTDTGrPYjV/qm5EkF8PxZWm0sMfURoQnrZ7Fn3gAq5waNNy109uGs18rhieJtulKUljvCmeCcJEZBaA==;01.02.2019 09:45;Сосуды, работающие под давлением 
832d090a-0626-e911-a97e-000d3a22ca8c;aEnsyE+AieVkhApLA1LjLNVnxRwBHIQyV3nzC4ND0qsnOyfQNIKn27UdzA1LTeaOJ+lK4MkU2VkvF+nH89btuQ==;01.02.2019 09:45;Спиртные напитки
852d090a-0626-e911-a97e-000d3a22ca8c;cim5m+Tw2z+x80aY0YQHG0/DDs18skvu1qXUBn+fUSg+kIAbzK3MUpWKZn9mP2wDINH/Ldt/KRu1XN/Glxdljw==;01.02.2019 09:45;Столбняк 
872d090a-0626-e911-a97e-000d3a22ca8c;mflEQRS+kno3MYMK8ZVkroHzWAMZK2LzsQNutrVem9ASpNTiqfTb4S4RzjDLiKasOX+JmMm0LkmzbHw/l4f4pg==;01.02.2019 09:45;Стресс от холода (низкая температура окружающей среды)
892d090a-0626-e911-a97e-000d3a22ca8c;gxYEySloE+oKFoAe49QhT5jhfZRDJSmdkJxwCmbSlVhBLxtp/AKT6mMrzKgmHiQm2MoCJ0Z7MjVxRyd6IyN4/A==;01.02.2019 09:45;Табачный дым
8b2d090a-0626-e911-a97e-000d3a22ca8c;zqlk/fQOmhbQREgOESsjspUJFntj6qJq3WU3pXbkFaNw23YvIiXqxkeKtDbh914FPSxrkzc5T/XDbDv6aIwwtQ==;01.02.2019 09:45;Тепловой стресс (высокая температура окружающей среды)
8d2d090a-0626-e911-a97e-000d3a22ca8c;tPA7EgD4oS+I/bxU0DvYKfjVAyScTk8BAGflA2aVdZUDcxPrqOHD5MY8L6ddR0paxtS9zKJ4igJbyTBXXFVgsQ==;01.02.2019 09:45;Тетрахлорид углерода
8f2d090a-0626-e911-a97e-000d3a22ca8c;kOhzvtQL3COkEmt+wFBQj37xH2Xh+sI0QC+oWBNLfETRs560PFYrwU4GRVITXYMCe085HGNhXiPfO9JTvIQQsQ==;01.02.2019 09:45;Токсичный газ
912d090a-0626-e911-a97e-000d3a22ca8c;mrbULG1vPorIE9rjhz3QZ03hmXMuSEwgtms/pZk7WWmtaWzM/b57S/8w2aJQVePq42o8K3nZyNzNrrc+py3JJQ==;01.02.2019 09:45;Трубопроводы и оборудование от +60 до +150°C
932d090a-0626-e911-a97e-000d3a22ca8c;BF+jYVo2Z7YWGeUyACA3P/GuJIIMMLE2FhLd214O61I9ZHcnEN7426ofYkhJpAq4/58FK+MF3r3RthU9sTKPaQ==;01.02.2019 09:45;Трубопроводы и оборудование свыше +150°C
952d090a-0626-e911-a97e-000d3a22ca8c;RJVS/2ndWVpbTHZKwT5ST2pFt6t8mRcuongmNRI3N3FqHjkVtOTLBYkWalNmRPxSFJLpIOzG5NdGgOqpTrpuAQ==;01.02.2019 09:45;Тяжёлые металлы
972d090a-0626-e911-a97e-000d3a22ca8c;Myk+BKg1W77Z4kgOOp8MfRFMbAW0ryFkZJ1iprfowBfBHeVIYVxY+DUl/xNYERecZSnWpCkercNWUAJ1pbtycQ==;01.02.2019 09:45;Угарный газ
992d090a-0626-e911-a97e-000d3a22ca8c;0hmkgWONhdmozUDK8BlkZGMz3v4wwYLPl0BrjCWpe2LCDXimjGudoITGGXMSNCgLvjtrsLq80E1e0RDKvC1OkQ==;01.02.2019 09:45;Уголь
9b2d090a-0626-e911-a97e-000d3a22ca8c;PUeX0RebNybMhMj0yfLzsGMCraFJPlA+cOpTWbjbgvSBeLckRGIKbN0IlRre8AYNOIV/Q1zXKhUVXmLhumZczw==;01.02.2019 09:45;Удар молнии
9d2d090a-0626-e911-a97e-000d3a22ca8c;ZXa2vmM7hpLuqItcbMxriJpfcG+bE0sBxbmOU6LLpC1Zez0antfc1kovGtgovJzrtHU4GTWUdmKvaW/pt4V3GQ==;01.02.2019 09:45;Ультрафиолетовое излучение
9f2d090a-0626-e911-a97e-000d3a22ca8c;wfQjk4CdVWQXa60Eduo6sQAdbpIR+uLcSpfNeazFqxGdjNIPaQPqG+V0037jffhD3jQ47tI8uf3RBf2xseblqA==;01.02.2019 09:45;Утомление 
a12d090a-0626-e911-a97e-000d3a22ca8c;56vejPbY6eFW7mlFQdubx7igZJ6d1jUCimvGsveYyh+Lxrpbe/UQnx/rQC/roAPGQJ1hpsiZxMDBio0YJ5g9Eg==;01.02.2019 09:45;Фенолы
a32d090a-0626-e911-a97e-000d3a22ca8c;4o6pwjogr6rhlB6GEowH2TB/x7hBBxvjOcRIQAFKY6RzyPkRdqOWizVWUBfNlFn4Z9VKVz3PVlaftd/Fezdofg==;01.02.2019 09:45;Фтористоводородная кислота
a52d090a-0626-e911-a97e-000d3a22ca8c;vPEBeGon2XjbaZhtGhD7Fh7exl/kXd0yvjg70az9L5W6ZjZYI2obQLg4L+QXLa9YEUpBTxWM/CYF/63eim+C9g==;01.02.2019 09:45;Хладагенты
a72d090a-0626-e911-a97e-000d3a22ca8c;3rhykLfwag3vkNYuU5xg4lpFfQi6YU2tZhmz+U3H/V2dFlvhOr+D2NUQ/mJYKhoTZ4rLMAd0M3GhDKJPf1XkrA==;01.02.2019 09:45;Хладон 
a92d090a-0626-e911-a97e-000d3a22ca8c;/4MnIzzSS4+Qh/ETu2ay6Wm03+q6Ic8dxhY0Jy8FeafHI3tv/Ffff/gboOZYiOdRKajTv4f/yrcJL6Z8plhZPg==;01.02.2019 09:45;Хлор 
ab2d090a-0626-e911-a97e-000d3a22ca8c;UU3RDfkYewJd/H/a8cIcnhYIY/KGk2Klu9e0KB0gh/hkxnpF/1/2FMu9323EcupqjLUKOfiYRPCkO2oJ+aI/hA==;01.02.2019 09:45;Хлористоводородная кислота
ad2d090a-0626-e911-a97e-000d3a22ca8c;4pymrcrujRSrwr2MiXgouf3wt4tX3BTTNCjKG7yZscgbLCibiu3tPAfF5RShmqTEy3Mjz0uLVKugJ4guTFLtaA==;01.02.2019 09:45;Хлорфторуглероды 
af2d090a-0626-e911-a97e-000d3a22ca8c;TIKW4y3f7yjb/80uQtaaRwK7h90+i3Hsgc3xZ4BRwayd+0eBrnikmbkFonyF7LyOSplxr/ItN/XlVduEb+2Frg==;01.02.2019 09:45;Цементная пыль
b12d090a-0626-e911-a97e-000d3a22ca8c;t9E2BmdAZd2q1k7/zLCesTu+51Cbee54LlPLv5uMN2774Gxhb9s6bdDVPx5yVjDgGrMNBP2l6s+qBCsO/ieWww==;01.02.2019 09:45;Шламы аспирационных установок
b32d090a-0626-e911-a97e-000d3a22ca8c;VhK3EXee72xlgpGF5Cww9UmpNSQU9+Tk33AoANs64eGujwdcuKA5cS2OSzPYYL62/TMYmRGfEa341K4l+UZM4w==;01.02.2019 09:45;Шламы технологических процессов
afb8c97b-3376-e911-a989-000d3a2bccc5;mMxtGWG9XeWC1xXGUhQZPdUZfqlbydEvfQC+tPbYx7R7C6F5/kFxwOBQX4laffgv0Y0gOLYWfHN6to0sa79MZQ==;14.05.2019 10:31;Эксплуатация оборудования в неисправном состоянии
b52d090a-0626-e911-a97e-000d3a22ca8c;Pv8iAridHFh9SaQUfP30aooJA+n+K22aCHGOmPJt5Xgma//M20XSgX9B7qKrGN3rd7djpfU8j3I4v8KfybJm3Q==;01.02.2019 09:45;Электрическая дуга
b72d090a-0626-e911-a97e-000d3a22ca8c;UQ52d80DZDseh/x7bq0OTDXl/SnCG5cdjnkAP7LaF4NWmR9xKij0WDgL7tyBM4zQHQyZt1cWGR57flwyj8be+A==;01.02.2019 09:45;Электрическое напряжение более 220В
b92d090a-0626-e911-a97e-000d3a22ca8c;Rw5xapl/0kAs0a3ml1MDJ17J8Wzo9t7+5nn3ECTdd3Xp/CGayn9G8cS/HrEuax7go/8bKsgRBY5llUZnVOI9Nw==;01.02.2019 09:45;Электрическое напряжение более 40-220В в кабеле
bb2d090a-0626-e911-a97e-000d3a22ca8c;y7RdtUUkOM1sOxlWkyvJpG19GjTslYOKbKlxKY8OFqL/lxX1hFTtGt1ZPoaXPjRTnJLUBvGPX12BicdzLU/biQ==;01.02.2019 09:45;Электрическое напряжение более 40-220В на оборудовании
bd2d090a-0626-e911-a97e-000d3a22ca8c;cm6bDB9nAjpxcmHOCGDDF5hwO17sIe74j3W6z90LPWmOyB8lySv6MUuJ33Nvmxoi0clQGf1i0RDaPYZqKLpLEQ==;01.02.2019 09:45;Электромагнитное излучение высоковольтного оборудования переменного тока.
bf2d090a-0626-e911-a97e-000d3a22ca8c;RdMMGKyBcGjgwHNWDitVYsRfG4krB7K80MH6/hlj19qB7Nr0dzW4ociysOFRLLpROOF20dAr+d9j4ujwAcUMFw==;01.02.2019 09:45;Электромагнитное излучение высоковольтных кабелей переменного тока. 
c12d090a-0626-e911-a97e-000d3a22ca8c;3IOkBt6PZvk6CwUpnyfBrhFoQrmPdD7161oiJP/Ohca1C5kL7kGeTQJguPyofxf02ttlhbA36QwBwjaReAZwIQ==;01.02.2019 09:45;Электростатическая энергия
c32d090a-0626-e911-a97e-000d3a22ca8c;sffsUpws6K3ahJtFlDEmEG52TeSfauCMKEaF8bHrogvn4y4qrnwRobgjdSisfPLNXs24/l5abjjGrm8iCbBGtg==;01.02.2019 09:45;Ядовитые растения
